{"cameraMode":{"drawMode":0,"name":"Shaded","section":"Shading Mode"},"sceneLighting":true,"audioPlay":false,"sceneViewState":{"showFog":true,"showMaterialUpdate":false,"showSkybox":false,"showFlares":true,"showImageEffects":true,"showParticleSystems":true},"in2DMode":false,"pivot":{"x":768.5533447265625,"y":59.468162536621097,"z":305.48992919921877},"rotation":{"x":0.009309119544923306,"y":0.009315271861851216,"z":-0.0001102250098483637,"w":0.9999557137489319},"size":61.08304977416992,"orthographic":false}