{"cameraMode":{"drawMode":0,"name":"Shaded","section":"Shading Mode"},"sceneLighting":false,"audioPlay":false,"sceneViewState":{"showFog":true,"showMaterialUpdate":false,"showSkybox":false,"showFlares":true,"showImageEffects":true,"showParticleSystems":true},"in2DMode":false,"pivot":{"x":16.536094665527345,"y":-3.2073588371276857,"z":-15.195775985717774},"rotation":{"x":0.03272441402077675,"y":0.920975923538208,"z":-0.07921390980482102,"w":0.3801649510860443},"size":14.419464111328125,"orthographic":false}