{"cameraMode":{"drawMode":0,"name":"Shaded","section":"Shading Mode"},"sceneLighting":true,"audioPlay":false,"sceneViewState":{"showFog":true,"showMaterialUpdate":false,"showSkybox":false,"showFlares":true,"showImageEffects":true,"showParticleSystems":true},"in2DMode":false,"pivot":{"x":12.486623764038086,"y":0.34761762619018557,"z":-2.142890691757202},"rotation":{"x":0.02346811816096306,"y":0.7829961180686951,"z":-0.029635218903422357,"w":0.6209456920623779},"size":9.400012016296387,"orthographic":false}