{"cameraMode":{"drawMode":0,"name":"Shaded","section":"Shading Mode"},"sceneLighting":true,"audioPlay":false,"sceneViewState":{"showFog":true,"showMaterialUpdate":false,"showSkybox":false,"showFlares":true,"showImageEffects":true,"showParticleSystems":true},"in2DMode":false,"pivot":{"x":6.220600128173828,"y":-0.007598876953125,"z":1.970001220703125},"rotation":{"x":0.09057800471782685,"y":0.5593190789222717,"z":-0.06169629096984863,"w":0.8217319846153259},"size":8.207891464233399,"orthographic":false}