{"cameraMode":{"drawMode":0,"name":"Shaded","section":"Shading Mode"},"sceneLighting":true,"audioPlay":false,"sceneViewState":{"showFog":true,"showMaterialUpdate":false,"showSkybox":false,"showFlares":true,"showImageEffects":true,"showParticleSystems":true},"in2DMode":false,"pivot":{"x":-14.460739135742188,"y":-13.125690460205079,"z":51.517845153808597},"rotation":{"x":0.1233825758099556,"y":-0.13176286220550538,"z":0.016557781025767328,"w":0.983461320400238},"size":31.712278366088868,"orthographic":false}