{"cameraMode":{"drawMode":0,"name":"Shaded","section":"Shading Mode"},"sceneLighting":true,"audioPlay":false,"sceneViewState":{"showFog":true,"showMaterialUpdate":false,"showSkybox":false,"showFlares":true,"showImageEffects":true,"showParticleSystems":true},"in2DMode":false,"pivot":{"x":-0.053377389907836917,"y":-0.2434031367301941,"z":1.0820857286453248},"rotation":{"x":0.005655290093272924,"y":-0.7573253512382507,"z":-0.006599485408514738,"w":-0.6530240774154663},"size":1.0384924411773682,"orthographic":false}