{"cameraMode":{"drawMode":0,"name":"Shaded","section":"Shading Mode"},"sceneLighting":true,"audioPlay":false,"sceneViewState":{"showFog":true,"showMaterialUpdate":false,"showSkybox":false,"showFlares":true,"showImageEffects":true,"showParticleSystems":true},"in2DMode":false,"pivot":{"x":-41.76823806762695,"y":-4.136636734008789,"z":17.380817413330079},"rotation":{"x":-0.061594054102897647,"y":0.6928109526634216,"z":-0.059596095234155658,"w":-0.7160400152206421},"size":52.16230010986328,"orthographic":false}