{"cameraMode":{"drawMode":0,"name":"Shaded","section":"Shading Mode"},"sceneLighting":true,"audioPlay":false,"sceneViewState":{"showFog":true,"showMaterialUpdate":false,"showSkybox":false,"showFlares":true,"showImageEffects":true,"showParticleSystems":true},"in2DMode":false,"pivot":{"x":6.198565483093262,"y":-0.12140202522277832,"z":1.0057077407836915},"rotation":{"x":0.03991160914301872,"y":0.9219359755516052,"z":-0.098858542740345,"w":0.3724987506866455},"size":5.972999095916748,"orthographic":false}