{"cameraMode":{"drawMode":0,"name":"Shaded","section":"Shading Mode"},"sceneLighting":true,"audioPlay":false,"sceneViewState":{"showFog":true,"showMaterialUpdate":false,"showSkybox":false,"showFlares":true,"showImageEffects":true,"showParticleSystems":true},"in2DMode":false,"pivot":{"x":758.7718505859375,"y":59.45347595214844,"z":308.5537109375},"rotation":{"x":-0.19122661650180818,"y":-0.23593449592590333,"z":0.04740523919463158,"w":-0.9516016840934753},"size":61.17631530761719,"orthographic":false}