{"cameraMode":{"drawMode":0,"name":"Shaded","section":"Shading Mode"},"sceneLighting":true,"audioPlay":false,"sceneViewState":{"showFog":true,"showMaterialUpdate":false,"showSkybox":false,"showFlares":true,"showImageEffects":true,"showParticleSystems":true},"in2DMode":false,"pivot":{"x":947.051513671875,"y":66.03077697753906,"z":374.89215087890627},"rotation":{"x":0.10771967470645905,"y":-0.083100825548172,"z":0.009063493460416794,"w":0.9906880259513855},"size":23.161806106567384,"orthographic":false}