{"cameraMode":{"drawMode":0,"name":"Shaded","section":"Shading Mode"},"sceneLighting":true,"audioPlay":false,"sceneViewState":{"showFog":true,"showMaterialUpdate":false,"showSkybox":true,"showFlares":true,"showImageEffects":true,"showParticleSystems":true},"in2DMode":false,"pivot":{"x":997.0438842773438,"y":497.9202880859375,"z":1610.4681396484375},"rotation":{"x":0.04521680995821953,"y":-0.05983275547623634,"z":0.002678767777979374,"w":0.9972126483917236},"size":1596.354736328125,"orthographic":false}