{"cameraMode":{"drawMode":0,"name":"Shaded","section":"Shading Mode"},"sceneLighting":true,"audioPlay":false,"sceneViewState":{"showFog":true,"showMaterialUpdate":false,"showSkybox":false,"showFlares":true,"showImageEffects":true,"showParticleSystems":true},"in2DMode":false,"pivot":{"x":-51.06153106689453,"y":-38.7353401184082,"z":52.74444580078125},"rotation":{"x":-0.2664286196231842,"y":0.3882315754890442,"z":-0.1183222234249115,"w":-0.8742637634277344},"size":76.80326843261719,"orthographic":false}